{"cameraMode":{"drawMode":0,"name":"Shaded","section":"Shading Mode"},"sceneLighting":false,"audioPlay":false,"sceneViewState":{"m_AlwaysRefresh":false,"showFog":true,"showSkybox":false,"showFlares":true,"showImageEffects":true,"showParticleSystems":true,"showVisualEffectGraphs":true,"m_FxEnabled":true},"in2DMode":false,"pivot":{"x":-15.845643997192383,"y":-1.8299999237060547,"z":3.7273802757263185},"rotation":{"x":-0.017808791249990464,"y":0.23095807433128358,"z":-0.004251212812960148,"w":-0.9728149175643921},"size":2.5710439682006838,"orthographic":false}