{"cameraMode":{"drawMode":0,"name":"Shaded","section":"Shading Mode"},"sceneLighting":true,"audioPlay":false,"sceneViewState":{"m_AlwaysRefresh":false,"showFog":true,"showSkybox":true,"showFlares":true,"showImageEffects":true,"showParticleSystems":true,"showVisualEffectGraphs":true,"m_FxEnabled":true},"in2DMode":false,"pivot":{"x":7.326835632324219,"y":-17.62677574157715,"z":-39.4627799987793},"rotation":{"x":-0.0017700095195323229,"y":0.9167397618293762,"z":-0.39953431487083437,"w":-0.004159959033131599},"size":27.442834854125978,"orthographic":false}