{"cameraMode":{"drawMode":0,"name":"Shaded","section":"Shading Mode"},"sceneLighting":true,"audioPlay":false,"sceneViewState":{"m_AlwaysRefresh":false,"showFog":true,"showSkybox":true,"showFlares":true,"showImageEffects":true,"showParticleSystems":true,"showVisualEffectGraphs":true,"m_FxEnabled":true},"in2DMode":false,"pivot":{"x":22.322208404541017,"y":-14.974760055541993,"z":-17.761661529541017},"rotation":{"x":-0.23789173364639283,"y":0.7608996033668518,"z":-0.45290637016296389,"w":-0.39924946427345278},"size":19.970043182373048,"orthographic":false}