{"cameraMode":{"drawMode":0,"name":"Shaded","section":"Shading Mode"},"sceneLighting":true,"audioPlay":false,"sceneViewState":{"m_AlwaysRefresh":false,"showFog":true,"showSkybox":true,"showFlares":true,"showImageEffects":true,"showParticleSystems":true,"showVisualEffectGraphs":true,"m_FxEnabled":true},"in2DMode":false,"pivot":{"x":37.141849517822269,"y":88.29939270019531,"z":-5.918346405029297},"rotation":{"x":-0.19164052605628968,"y":0.027960974723100663,"z":-0.0054297782480716709,"w":-0.9811286330223084},"size":44.46505355834961,"orthographic":false}