{"cameraMode":{"drawMode":0,"name":"Shaded","section":"Shading Mode"},"sceneLighting":true,"audioPlay":false,"sceneViewState":{"m_AlwaysRefresh":false,"showFog":true,"showSkybox":true,"showFlares":true,"showImageEffects":true,"showParticleSystems":true,"showVisualEffectGraphs":true,"m_FxEnabled":true},"in2DMode":false,"pivot":{"x":23.120731353759767,"y":-61.012733459472659,"z":-188.3857879638672},"rotation":{"x":0.005843610968440771,"y":0.9839879274368286,"z":-0.17539870738983155,"w":0.033351071178913119},"size":111.80602264404297,"orthographic":false}