{"cameraMode":{"drawMode":0,"name":"Shaded","section":"Shading Mode"},"sceneLighting":true,"audioPlay":false,"sceneViewState":{"m_AlwaysRefresh":false,"showFog":true,"showSkybox":true,"showFlares":true,"showImageEffects":true,"showParticleSystems":true,"showVisualEffectGraphs":true,"m_FxEnabled":true},"in2DMode":false,"pivot":{"x":-3.06577205657959,"y":6.136685848236084,"z":0.5907535552978516},"rotation":{"x":-0.010879161767661572,"y":-0.1932046115398407,"z":-0.0022249130997806789,"w":0.9812526106834412},"size":15.18641471862793,"orthographic":false}