{"cameraMode":{"drawMode":0,"name":"Shaded","section":"Shading Mode"},"sceneLighting":true,"audioPlay":false,"sceneViewState":{"m_AlwaysRefresh":false,"showFog":true,"showSkybox":true,"showFlares":true,"showImageEffects":true,"showParticleSystems":true,"showVisualEffectGraphs":true,"m_FxEnabled":true},"in2DMode":false,"pivot":{"x":411.6402893066406,"y":149.08773803710938,"z":50.15972900390625},"rotation":{"x":0.16958476603031159,"y":0.0023807291872799398,"z":-0.0005147736519575119,"w":0.9855853319168091},"size":405.55645751953127,"orthographic":false}