{"cameraMode":{"drawMode":0,"name":"Shaded","section":"Shading Mode"},"sceneLighting":false,"audioPlay":false,"sceneViewState":{"m_AlwaysRefresh":false,"showFog":true,"showSkybox":false,"showFlares":true,"showImageEffects":true,"showParticleSystems":true,"showVisualEffectGraphs":true,"m_FxEnabled":true},"in2DMode":false,"pivot":{"x":11.656654357910157,"y":1.3362358808517457,"z":2.1821200847625734},"rotation":{"x":0.02030613273382187,"y":0.9505219459533691,"z":-0.30343902111053469,"w":0.06397732347249985},"size":6.171045303344727,"orthographic":false}