{"cameraMode":{"drawMode":0,"name":"Shaded","section":"Shading Mode"},"sceneLighting":true,"audioPlay":false,"sceneViewState":{"m_AlwaysRefresh":false,"showFog":true,"showSkybox":true,"showFlares":true,"showImageEffects":true,"showParticleSystems":true,"showVisualEffectGraphs":true,"m_FxEnabled":true},"in2DMode":false,"pivot":{"x":62.9490966796875,"y":-54.10569763183594,"z":707.7109985351563},"rotation":{"x":-0.09466984868049622,"y":0.006254665553569794,"z":-0.0005400764639489353,"w":-0.9955365061759949},"size":449.5611572265625,"orthographic":false}