{"cameraMode":{"drawMode":0,"name":"Shaded","section":"Shading Mode"},"sceneLighting":true,"audioPlay":false,"sceneViewState":{"showFog":true,"showMaterialUpdate":false,"showSkybox":true,"showFlares":true,"showImageEffects":true,"showParticleSystems":true},"in2DMode":false,"pivot":{"x":-2.3892459869384767,"y":0.9871220588684082,"z":-0.3052949905395508},"rotation":{"x":0.21518786251544953,"y":-0.012873413041234017,"z":0.002854295540601015,"w":0.9765121340751648},"size":6.813357353210449,"orthographic":false}